{
    "projection_matrix": [
        [
            0.4886692952900416,
            -0.030559274136986808,
            189.55264491096443
        ],
        [
            0.033669523313518954,
            0.3903543148765898,
            119.59869262239431
        ],
        [
            -6.071966122125684e-06,
            -8.476265431837831e-05,
            1.128289553041456
        ]
    ],
    "poolFocus_matrix": [
        [
            2.349374034105861,
            0.09600807350913362,
            -404.87169352175266
        ],
        [
            -0.20186957984602663,
            2.8809184106839716,
            -271.46326211836856
        ],
        [
            -2.522120197711284e-06,
            0.00021694541837618343,
            1.0
        ]
    ],
    "detected_coords": [
        [
            361,
            244
        ],
        [
            321,
            444
        ],
        [
            752,
            237
        ],
        [
            741,
            465
        ]
    ],
    "pool_coords": [
        [
            168,
            106
        ],
        [
            151,
            522
        ],
        [
            1010,
            165
        ],
        [
            1068,
            591
        ]
    ],
    "screen_coords": [
        [
            0,
            0
        ],
        [
            0,
            1080
        ],
        [
            1920,
            0
        ],
        [
            1920,
            1080
        ]
    ],
    "projected_coords": [
        [
            361,
            244
        ],
        [
            321,
            444
        ],
        [
            752,
            237
        ],
        [
            741,
            465
        ]
    ],
    "camera_distortion": [
        [
            0.9849365949630737,
            -0.0036669536493718624,
            -2.3053693771362305
        ],
        [
            0.004036493133753538,
            0.986309826374054,
            11.231473922729492
        ],
        [
            -1.588228769833222e-06,
            7.315317702705215e-07,
            1.0
        ]
    ],
    "outpts": [
        [
            -780.0,
            -414.0
        ],
        [
            -798.0,
            -4.0
        ],
        [
            48.0,
            -386.0
        ],
        [
            104.0,
            31.0
        ]
    ]
}