{
    "projection_matrix": [
        [
            0.7017252168085821,
            -0.010992774147456254,
            16.105730237576722
        ],
        [
            -0.002201729943324666,
            0.6877647511677902,
            13.95829953923294
        ],
        [
            3.908559346262665e-06,
            -1.4196119991433733e-05,
            1.0737153491717928
        ]
    ],
    "poolFocus_matrix": [
        [
            1.5305953088329591,
            0.02398368717544522,
            -23.270717565775172
        ],
        [
            0.005011603344489467,
            1.5611144418084604,
            -20.369661793677324
        ],
        [
            -5.505441718623453e-06,
            2.05529578101197e-05,
            1.0
        ]
    ],
    "detected_coords": [
        [
            450,
            500
        ],
        [
            450,
            800
        ],
        [
            1300,
            550
        ],
        [
            1350,
            850
        ]
    ],
    "pool_coords": [
        [
            15,
            13
        ],
        [
            4,
            715
        ],
        [
            1261,
            9
        ],
        [
            1268,
            706
        ]
    ],
    "screen_coords": [
        [
            0,
            0
        ],
        [
            0,
            1080
        ],
        [
            1920,
            0
        ],
        [
            1920,
            1080
        ]
    ],
    "projected_coords": [
        [
            450,
            500
        ],
        [
            450,
            800
        ],
        [
            1300,
            550
        ],
        [
            1350,
            850
        ]
    ],
    "camera_distortion": [
        [
            0.9849365949630737,
            -0.0036669536493718624,
            -2.3053693771362305
        ],
        [
            0.004036493133753538,
            0.986309826374054,
            11.231473922729492
        ],
        [
            -1.588228769833222e-06,
            7.315317702705215e-07,
            1.0
        ]
    ],
    "outpts": [
        [
            -930.0,
            -511.0
        ],
        [
            -942.0,
            179.0
        ],
        [
            296.0,
            -510.0
        ],
        [
            300.0,
            179.0
        ]
    ]
}